CASE_ID,ACCIDENT_YEAR,PROC_DATE,JURIS,COLLISION_DATE,COLLISION_TIME,OFFICER_ID,REPORTING_DISTRICT,DAY_OF_WEEK,CHP_SHIFT,POPULATION,CNTY_CITY_LOC,SPECIAL_COND,BEAT_TYPE,CHP_BEAT_TYPE,CITY_DIVISION_LAPD,CHP_BEAT_CLASS,BEAT_NUMBER,PRIMARY_RD,SECONDARY_RD,DISTANCE,DIRECTION,INTERSECTION,WEATHER_1,WEATHER_2,STATE_HWY_IND,CALTRANS_COUNTY,CALTRANS_DISTRICT,STATE_ROUTE,ROUTE_SUFFIX,POSTMILE_PREFIX,POSTMILE,LOCATION_TYPE,RAMP_INTERSECTION,SIDE_OF_HWY,TOW_AWAY,COLLISION_SEVERITY,NUMBER_KILLED,NUMBER_INJURED,PARTY_COUNT,PRIMARY_COLL_FACTOR,PCF_CODE_OF_VIOL,PCF_VIOL_CATEGORY,PCF_VIOLATION,PCF_VIOL_SUBSECTION,HIT_AND_RUN,TYPE_OF_COLLISION,MVIW,PED_ACTION,ROAD_SURFACE,ROAD_COND_1,ROAD_COND_2,LIGHTING,CONTROL_DEVICE,CHP_ROAD_TYPE,PEDESTRIAN_ACCIDENT,BICYCLE_ACCIDENT,MOTORCYCLE_ACCIDENT,TRUCK_ACCIDENT,NOT_PRIVATE_PROPERTY,ALCOHOL_INVOLVED,STWD_VEHTYPE_AT_FAULT,CHP_VEHTYPE_AT_FAULT,COUNT_SEVERE_INJ,COUNT_VISIBLE_INJ,COUNT_COMPLAINT_PAIN,COUNT_PED_KILLED,COUNT_PED_INJURED,COUNT_BICYCLIST_KILLED,COUNT_BICYCLIST_INJURED,COUNT_MC_KILLED,COUNT_MC_INJURED,PRIMARY_RAMP,SECONDARY_RAMP,LATITUDE,LONGITUDE,COUNTY,CITY,POINT_X,POINT_Y
82286693,2023,2024-01-15,1925,2023-12-21,1430,26161,,4,5,6,1925,0,0,0,,0,003,BROADWAY,"JACKSON STREET",0.00,,Y,B,-,N,,,,,,,,,,N,4,0,1,2,A,-,09,21801,A,N,D,C,A,B,H,-,A,D,0,,,,,Y,,A,07,0,0,1,0,0,0,0,0,0,"- ","- ",,,"LOS ANGELES",GLENDALE,-118.25011444091797,34.146331787109375
82286694,2024,2024-01-15,1925,2024-01-03,1349,22249,,3,5,6,1925,0,0,0,,0,004,"JACKSON STREET","MONTEREY ROAD",139.00,S,N,B,-,N,,,,,,,,,,N,4,0,1,2,A,-,03,22350,,N,C,C,A,A,H,-,A,A,0,,,,,Y,,A,01,0,0,1,0,0,0,0,0,0,"- ","- ",,,"LOS ANGELES",GLENDALE,-118.250244140625,34.157108306884766
82287376,2023,2024-01-16,1925,2023-12-31,1303,27016,,7,5,6,1925,0,0,0,,0,003,"DIXON STREET","LINCOLN AVENUE",60.00,E,N,B,-,N,,,,,,,,,,N,4,0,1,2,A,-,09,21804,A,N,D,C,A,A,H,-,A,D,0,,,,,Y,,A,01,0,0,1,0,0,0,0,0,0,"- ","- ",,,"LOS ANGELES",GLENDALE,,
82287382,2024,2024-01-16,1925,2024-01-04,1505,28644,,4,5,6,1925,0,0,0,,0,,"GLENOAKS BOULEVARD","SONORA AVENUE",0.00,,Y,A,-,N,,,,,,,,,,N,3,0,1,3,A,-,09,21800,A,N,A,C,A,A,H,-,C,A,0,,,,,Y,,A,01,0,1,0,0,0,0,0,0,0,"- ","- ",34.168258666992188,-118.28575134277344,"LOS ANGELES",GLENDALE,-118.28588104248047,34.168239593505859
82287383,2024,2024-01-16,1925,2024-01-05,"950 ",28644,,5,5,6,1925,0,0,0,,0,002,"CENTRAL AVENUE","SANCHEZ DRIVE",0.00,,Y,A,-,Y,,,,,,,,,,N,3,0,1,2,A,-,04,21703,,N,C,C,A,A,H,-,A,A,0,,,Y,,Y,,C,02,0,1,0,0,0,0,0,0,1,"- ","- ",34.155941009521484,-118.25795745849609,"LOS ANGELES",GLENDALE,-118.25794982910156,34.156024932861328
82289920,2024,2024-01-18,1925,2024-01-06,"129 ",22367,,6,5,6,1925,0,0,0,,0,002,"CENTRAL AVENUE","SANCHEZ DRIVE",0.00,,Y,A,-,N,,,,,,,,,,Y,4,0,1,2,A,-,12,21453,A,N,D,C,A,A,H,-,C,A,0,,,,,Y,Y,A,01,0,0,1,0,0,0,0,0,0,"- ","- ",,,"LOS ANGELES",GLENDALE,-118.25794982910156,34.156024932861328
82292346,2023,2024-01-22,1925,2023-12-28,2028,22783,,4,5,6,1925,0,0,0,,0,002,"CHESTER STREET","ALEXANDER STREET",0.00,,Y,B,-,N,,,,,,,,,,N,4,0,1,1,A,-,03,22350,,M,E,I,A,B,H,-,C,D,0,,,,,Y,,A,01,0,0,1,0,0,0,0,0,0,"- ","- ",34.153099060058594,-118.26992797851562,"LOS ANGELES",GLENDALE,-118.26992034912109,34.153190612792969
82292659,2023,2024-01-22,1925,2023-11-20,"134 ",28091,,1,5,6,1925,0,0,0,,0,003,"COLORADO STREET","ADAMS STREET",0.00,,Y,A,-,N,,,,,,,,,,Y,3,0,1,1,A,-,01,23152,F,N,E,J,A,A,H,-,C,D,0,,,,,Y,Y,A,01,0,1,0,0,0,0,0,0,0,"- ","- ",,,"LOS ANGELES",GLENDALE,-118.24179840087891,34.142650604248047
82292660,2023,2024-01-22,1925,2023-12-28,2025,22783,,4,5,6,1925,0,0,0,,0,002,"MILFORD STREET","CHESTER STREET",136.00,W,N,B,-,N,,,,,,,,,,N,4,0,1,2,A,-,03,22350,,M,C,C,A,B,H,-,C,D,0,,,,,Y,,A,01,0,0,1,0,0,0,0,0,0,"- ","- ",34.152130126953125,-118.26992797851562,"LOS ANGELES",GLENDALE,-118.27035522460938,34.152229309082031
82297574,2024,2024-01-26,1925,2024-01-10,1026,28043,,3,5,6,1925,0,0,0,,0,003,"ALLEY SOUTH OF HARVARD ST","KENWOOD STREET",170.00,W,N,A,-,N,,,,,,,,,,N,3,0,1,2,A,-,21,22106,,N,G,B,E,A,H,-,A,D,0,Y,,,,Y,,A,01,0,1,0,0,1,0,0,0,0,"- ","- ",34.14447021484375,-118.2513427734375,"LOS ANGELES",GLENDALE,,
82297576,2024,2024-01-26,1925,2024-01-13,1326,28644,,6,5,6,1925,0,0,0,,0,004,"GLENDALE AVENUE","DORAN STREET",180.00,N,N,A,-,N,,,,,,,,,,N,3,0,1,2,A,-,09,21801,A,N,D,C,A,A,H,-,A,A,0,,,,,Y,,A,01,0,1,0,0,0,0,0,0,0,"- ","- ",34.153530120849609,-118.24362945556641,"LOS ANGELES",GLENDALE,-118.24338531494141,34.153976440429688
82297577,2024,2024-01-26,1925,2024-01-15,"33  ",29459,,1,5,6,1925,0,0,0,,0,004,"CANADA BOULEVARD","TOWNE STREET",742.00,N,N,A,-,N,,,,,,,,,,N,3,0,1,2,A,-,07,21658,A,N,B,D,A,A,H,-,C,A,0,,,,,Y,,A,01,0,1,0,0,0,0,0,0,0,"- ","- ",34.169578552246094,-118.22905731201172,"LOS ANGELES",GLENDALE,-118.22908020019531,34.171619415283203
82297578,2024,2024-01-26,1925,2024-01-14,1438,20871,,7,5,6,1925,0,0,0,,0,004,"BRAND BOULEVARD","SANCHEZ DR",0.00,,Y,A,-,Y,,,,,,,,,,Y,4,0,1,2,A,-,12,21453,A,N,D,C,A,A,H,-,A,A,0,,,,,Y,,-,"- ",0,0,1,0,0,0,0,0,0,"- ","- ",,,"LOS ANGELES",GLENDALE,-118.25514221191406,34.155937194824219
82297579,2024,2024-01-26,1925,2024-01-15,1022,22249,,1,5,6,1925,0,0,0,,0,004,"VERDUGO ROAD","GLENOAKS BOULEVARD",0.00,,Y,A,-,N,,,,,,,,,,Y,4,0,1,2,A,-,12,21453,A,N,D,C,A,A,H,-,A,A,0,,,,,Y,,A,01,0,0,1,0,0,0,0,0,0,"- ","- ",,,"LOS ANGELES",GLENDALE,-118.23708343505859,34.157737731933594
82297581,2024,2024-01-26,1925,2024-01-15,1506,22249,,1,5,6,1925,0,0,0,,0,002,"GALLERIA WAY","COLORADO STREET",235.00,N,N,A,-,N,,,,,,,,,,N,3,0,1,2,A,-,11,21954,A,N,G,B,D,A,H,-,A,D,0,Y,,,,Y,,N,60,0,1,0,0,1,0,0,0,0,"- ","- ",,,"LOS ANGELES",GLENDALE,-118.25916290283203,34.143196105957031
82298564,2024,2024-01-29,1925,2024-01-10,1742,27629,,3,5,6,1925,0,0,0,,0,004,"LOUISE STREET","DRYDEN STREET",250.00,N,N,A,-,N,,,,,,,,,,N,3,0,1,2,A,-,09,21804,A,N,D,C,A,A,H,-,C,D,0,,,,,Y,,A,01,0,1,0,0,0,0,0,0,0,"- ","- ",34.161430358886719,-118.25267791748047,"LOS ANGELES",GLENDALE,-118.25271606445312,34.162124633789062
82298766,2024,2024-01-29,1925,2024-01-15,1232,24810,,1,5,6,1925,0,0,0,,0,001,"SAN FERNANDO ROAD","PACIFIC AVENUE",30.00,W,N,A,-,N,,,,,,,,,,N,4,0,1,2,A,-,03,22350,,N,C,C,A,A,H,-,A,A,0,,,,,Y,,A,01,0,0,1,0,0,0,0,0,0,"- ","- ",34.136371612548828,-118.26412200927734,"LOS ANGELES",GLENDALE,-118.26460266113281,34.136913299560547
82298767,2024,2024-01-29,1925,2024-01-16,"800 ",21092,,2,5,6,1925,0,0,0,,0,003,"VERDUGO ROAD",BROADWAY,0.00,,Y,A,-,N,,,,,,,,,,Y,3,0,2,2,A,-,09,21801,A,N,A,C,A,A,H,-,A,A,0,,,,,Y,,A,07,0,2,0,0,0,0,0,0,0,"- ","- ",,,"LOS ANGELES",GLENDALE,-118.23506164550781,34.146160125732422
82299065,2023,2024-01-29,1925,2023-12-16,1201,29572,,6,5,6,1925,0,0,0,,0,004,"BRAND BOULEVARD","GOODE AVENUE",0.00,,Y,A,-,N,,,,,,,,,,N,3,0,1,2,A,-,12,21453,A,N,D,C,A,A,H,-,A,A,0,,,Y,,Y,,A,07,0,1,0,0,0,0,0,0,1,"- ","- ",34.156761169433594,-118.25507354736328,"LOS ANGELES",GLENDALE,-118.25514984130859,34.156764984130859
82303547,2024,2024-02-02,1925,2024-01-08,2112,26161,287,1,5,6,1925,0,0,0,,0,003,"BRAND BOULEVARD","SAN FERNANDO ROAD",0.00,,Y,A,-,N,,,,,,,,,,Y,4,0,1,2,A,-,09,21801,A,N,A,C,A,A,H,-,C,A,0,,,,,Y,,A,07,0,0,1,0,0,0,0,0,0,"- ","- ",,,"LOS ANGELES",GLENDALE,-118.25517272949219,34.124031066894531
82304489,2024,2024-02-05,1925,2024-01-20,1210,28644,,6,5,6,1925,0,0,0,,0,003,"CHEVY CHASE DRIVE","WINDSOR ROAD",9.00,S,N,C,-,N,,,,,,,,,,N,4,0,1,2,A,-,03,22350,,F,C,C,A,B,H,-,A,A,0,,,,,Y,,A,07,0,0,1,0,0,0,0,0,0,"- ","- ",34.137119293212891,-118.23957061767578,"LOS ANGELES",GLENDALE,-118.23957824707031,34.137104034423828
82304733,2024,2024-02-05,1925,2024-01-12,1129,28043,230,5,5,6,1925,0,0,0,,0,002,"BRAND BOULEVARD","SANCHEZ DRIVE",0.00,,Y,A,-,N,,,,,,,,,,Y,4,0,1,2,A,-,12,21453,A,N,D,C,A,A,H,-,A,A,0,,,,,Y,,A,01,0,0,1,0,0,0,0,0,0,"- ","- ",34.155948638916016,-118.25508117675781,"LOS ANGELES",GLENDALE,-118.25514221191406,34.155937194824219
82304907,2024,2024-02-05,1925,2024-01-22,"728 ",26161,190,1,5,6,1925,0,0,0,,0,001,"GLENOAKS BOULEVARD","ELM AVENUE",0.00,,Y,C,-,N,,,,,,,,,,N,4,0,1,2,A,-,03,22350,,N,C,C,A,A,H,-,A,A,0,,,,,Y,,A,07,0,0,1,0,0,0,0,0,0,"- ","- ",,,"LOS ANGELES",GLENDALE,-118.29554748535156,34.175277709960938
82306298,2024,2024-02-06,1925,2024-01-11,1602,28043,142,4,5,6,1925,0,0,0,,0,001,"MOUNTAIN STREET","BRAND BOULEVARD",0.00,,Y,A,-,N,,,,,,,,,,Y,2,0,2,2,A,-,12,22450,A,N,D,C,A,A,H,-,A,A,0,,,,,Y,,-,"- ",1,1,0,0,0,0,0,0,0,"- ","- ",34.166740417480469,-118.25509643554688,"LOS ANGELES",GLENDALE,-118.25514221191406,34.166725158691406
82308607,2024,2024-02-08,1925,2024-01-07,"600 ",24347,,7,5,6,1925,0,0,0,,0,,"ADAMS STREET","GARFIELD AVENUE",150.00,S,N,A,-,N,,,,,,,,,,Y,3,0,1,4,A,-,08,22107,,N,A,E,A,A,H,-,C,D,0,,,,,Y,,A,01,0,1,0,0,0,0,0,0,0,"- ","- ",34.135871887207031,-118.24182891845703,"LOS ANGELES",GLENDALE,-118.24176025390625,34.135578155517578
82309837,2024,2024-02-09,1925,2024-01-28,1323,27016,196,7,5,6,1925,0,0,0,,0,001,"SAN FERNANDO ROAD","GROVER AVENUE",15.00,N,N,A,-,N,,,,,,,,,,Y,3,0,2,2,A,-,03,22350,,N,C,E,A,A,H,-,A,A,0,,,,,Y,,A,01,0,1,1,0,0,0,0,0,0,"- ","- ",,,"LOS ANGELES",GLENDALE,-118.287353515625,34.165275573730469
82310718,2024,2024-02-12,1925,2024-01-16,1114,26039,212,2,5,6,1925,0,0,0,,0,003,"COLORADO STREET","ADAMS STREET",203.00,W,N,A,-,N,,,,,,,,,,N,4,0,2,2,A,-,09,21804,A,N,D,C,A,A,H,-,A,D,0,,,,,Y,,A,07,0,0,2,0,0,0,0,0,0,"- ","- ",34.14263916015625,-118.24182891845703,"LOS ANGELES",GLENDALE,-118.24246978759766,34.142650604248047
82310721,2024,2024-02-12,1925,2024-01-24,1002,26039,232,3,5,6,1925,0,0,0,,0,004,"LEXINGTON DRIVE","ISABEL STREET",179.00,E,N,A,-,N,,,,,,,,,,N,3,0,1,2,A,-,09,21804,A,N,D,C,A,A,H,-,A,D,0,,,,,Y,,A,01,0,1,0,0,0,0,0,0,0,"- ","- ",34.151668548583984,-118.24887847900391,"LOS ANGELES",GLENDALE,-118.24829864501953,34.151821136474609
82310722,2024,2024-02-12,1925,2024-01-25,1743,21092,158,4,5,6,1925,0,0,0,,0,004,"CHEVY CHASE DRIVE","SINCLAIR AVENUE",0.00,,Y,A,-,N,,,,,,,,,,N,4,0,1,2,A,-,09,21801,A,M,D,C,A,A,G,-,C,A,0,,,,,Y,,A,01,0,0,1,0,0,0,0,0,0,"- ","- ",,,"LOS ANGELES",GLENDALE,-118.23256683349609,34.151958465576172
82310724,2024,2024-02-12,1925,2024-01-29,1540,24810,159,1,5,6,1925,0,0,0,,0,004,"GLENOAKS BOULEVARD","GLENDALE AVENUE",132.00,W,N,A,-,N,,,,,,,,,,N,4,0,1,2,A,-,05,21460,A,N,D,C,A,A,H,-,A,D,0,,,,,Y,,A,01,0,0,1,0,0,0,0,0,0,"- ","- ",34.158821105957031,-118.23992156982422,"LOS ANGELES",GLENDALE,-118.24028015136719,34.159095764160156
82310957,2024,2024-02-12,1925,2024-01-27,1502,21370,217,6,5,6,1925,0,0,0,,0,002,"CONCORD STREET","SALEM STREET",0.00,,Y,A,-,N,,,,,,,,,,Y,4,0,2,2,A,-,12,22450,A,N,D,C,A,A,H,-,A,D,0,,,,,Y,,A,01,0,0,2,0,0,0,0,0,0,"- ","- ",,,"LOS ANGELES",GLENDALE,-118.27119445800781,34.148899078369141
82311202,2024,2024-02-12,1925,2024-01-21,1523,27016,238,7,5,6,1925,0,0,0,,0,004,"WILSON AVENUE","BELMONT STREET",55.00,E,N,B,-,N,,,,,,,,,,Y,3,0,1,4,A,-,09,21804,A,N,D,C,A,A,H,-,A,A,0,,,,,Y,,A,01,0,1,0,0,0,0,0,0,0,"- ","- ",,,"LOS ANGELES",GLENDALE,-118.242919921875,34.148117065429688
82311203,2024,2024-02-12,1925,2024-01-30,1410,21092,159,2,5,6,1925,0,0,0,,0,004,"GLENDALE AVENUE","MONTEREY ROAD",600.00,N,N,B,-,N,,,,,,,,,,Y,4,0,1,3,A,-,08,22107,,N,B,E,A,A,H,-,A,D,0,,,,,Y,,A,07,0,0,1,0,0,0,0,0,0,"- ","- ",,,"LOS ANGELES",GLENDALE,-118.24095916748047,34.157615661621094
82311204,2024,2024-02-12,1925,2024-01-30,1554,28418,218,2,5,6,1925,0,0,0,,0,002,"SAN FERNANDO ROAD","SALEM STREET",275.00,N,N,A,-,N,,,,,,,,,,N,4,0,1,2,A,-,03,22350,,N,C,C,A,A,H,-,A,D,0,,,,Y,Y,,F,21,0,0,1,0,0,0,0,0,0,"- ","- ",34.148880004882812,-118.27285766601562,"LOS ANGELES",GLENDALE,-118.27325439453125,34.149570465087891
82313438,2024,2024-02-14,1925,2024-01-28,"300 ",26160,,7,5,6,1925,0,0,0,,0,002,"CENTRAL AVENUE","SANCHEZ DRIVE",0.00,,Y,A,-,N,,,,,,,,,,N,2,0,1,2,A,-,10,21950,C,F,G,B,B,A,H,-,C,A,0,Y,,,,Y,Y,A,01,1,0,0,0,1,0,0,0,0,"- ","- ",34.156040191650391,-118.25797271728516,"LOS ANGELES",GLENDALE,-118.25794982910156,34.156024932861328
82314475,2024,2024-02-15,1925,2024-01-14,2000,28716,245,7,5,6,1925,0,0,0,,0,003,"LINCOLN AVENUE","DIXON STREET",100.00,N,N,A,-,N,,,,,,,,,,Y,4,0,1,3,A,-,05,21651,B,F,G,B,E,A,H,-,C,D,0,Y,,,,Y,,A,01,0,0,1,0,1,0,0,0,0,"- ","- ",34.141368865966797,-118.22955322265625,"LOS ANGELES",GLENDALE,-118.22952270507812,34.141815185546875
82314477,2024,2024-02-15,1925,2024-01-28,"121 ",28716,,7,5,6,1925,0,0,0,,0,002,"SAN FERNANDO ROAD","CHEVY CHASE DRIVE",0.00,W,Y,A,-,N,,,,,,,,,,Y,4,0,3,2,A,-,12,21453,A,N,D,C,A,A,H,-,C,A,0,,,,,Y,,A,01,0,0,3,0,0,0,0,0,0,"- ","- ",34.133449554443359,-118.26249694824219,"LOS ANGELES",GLENDALE,-118.26248168945312,34.133480072021484
82314478,2024,2024-02-15,1925,2024-02-03,1415,27654,244,6,5,6,1925,0,0,0,,0,003,"VERDUGO ROAD","DIXON STREET",0.00,,Y,B,-,N,,,,,,,,,,N,4,0,1,2,A,-,09,21801,A,N,D,C,A,A,H,-,A,D,0,,,,,Y,,A,07,0,0,1,0,0,0,0,0,0,"- ","- ",,,"LOS ANGELES",GLENDALE,-118.23368835449219,34.141490936279297
82315643,2024,2024-02-16,1925,2024-01-24,1041,26161,,3,5,6,1925,0,0,0,,0,002,"SAN FERNANDO ROAD","LOS ANGELES ST",85.00,E,N,A,-,N,,,,,,,,,,Y,3,0,1,2,A,-,03,22350,,N,C,E,A,A,H,-,A,D,0,,,Y,,Y,,C,02,0,1,0,0,0,0,0,0,1,"- ","- ",,,"LOS ANGELES",GLENDALE,-118.26637268066406,34.137096405029297
82315644,2024,2024-02-16,1925,2024-01-30,1818,27629,,2,5,6,1925,0,0,0,,0,004,"GLENOAKS BOULEVARD","JACKSON STREET",355.00,W,N,A,-,N,,,,,,,,,,N,4,0,1,2,A,-,08,22100,B,N,B,C,A,A,H,-,C,D,0,,,,,Y,,A,07,0,0,1,0,0,0,0,0,0,"- ","- ",34.158279418945312,-118.25022888183594,"LOS ANGELES",GLENDALE,-118.25137329101562,34.158248901367188
82315648,2024,2024-02-16,1925,2024-02-01,1330,28644,,4,5,6,1925,0,0,0,,0,004,"MONTEREY ROAD","CORDOVA AVENUE",0.00,,Y,C,-,Y,,,,,,,,,,Y,3,0,1,2,A,-,12,21453,A,N,D,C,A,B,H,-,A,A,0,,,,,Y,,A,01,0,1,0,0,0,0,0,0,0,"- ","- ",34.156940460205078,-118.24388122558594,"LOS ANGELES",GLENDALE,-118.24392700195312,34.157035827636719
82316532,2024,2024-02-19,1925,2024-02-05,1227,27629,219,1,5,6,1925,0,0,0,,0,001,"PACIFIC AVENUE","BURCHETT STREET",60.00,N,N,C,-,N,,,,,,,,,,N,4,0,1,2,A,-,09,21804,A,N,D,C,A,B,H,-,A,D,0,,,,,Y,,A,01,0,0,1,0,0,0,0,0,0,"- ","- ",,,"LOS ANGELES",GLENDALE,-118.26406860351562,34.1575927734375
82316834,2024,2024-02-19,1925,2024-01-30,"900 ",26039,196,2,5,6,1925,0,0,0,,0,001,"SONORA AVENUE","SAN FERNANDO ROAD",0.00,,Y,A,-,N,,,,,,,,,,N,4,0,1,2,A,-,03,22350,,M,C,C,A,A,H,-,A,D,0,,,,,Y,,A,01,0,0,1,0,0,0,0,0,0,"- ","- ",34.165958404541016,-118.28826904296875,"LOS ANGELES",GLENDALE,-118.28829956054688,34.165962219238281
82316837,2024,2024-02-19,1925,2024-02-06,"859 ",28418,218,2,5,6,1925,0,0,0,,0,002,"PACIFIC AVENUE","WILSON AVENUE",0.00,,Y,C,-,N,,,,,,,,,,N,3,0,1,2,A,-,12,21453,A,N,D,C,A,B,H,-,A,A,0,,,,,Y,,E,22,0,1,0,0,0,0,0,0,0,"- ","- ",34.147991180419922,-118.26451873779297,"LOS ANGELES",GLENDALE,-118.26450347900391,34.148006439208984
82317097,2024,2024-02-19,1925,2024-02-07,"108 ",29405,235,3,5,6,1925,0,0,0,,0,004,"115 N ARTSAKH AVENUE","BROADWAY AV",50.00,N,N,A,-,N,,,,,,,,,,N,4,0,2,2,A,-,21,22106,,M,C,C,A,A,H,-,C,D,0,,,,,Y,,-,99,0,0,2,0,0,0,0,0,0,"- ","- ",,,"LOS ANGELES",GLENDALE,-118.25388336181641,34.146427154541016
82317605,2024,2024-02-20,1925,2024-01-31,2001,22783,286,3,5,6,1925,0,0,0,,0,003,"BRAND BOULEVARD","CERRITOS AVENUE",0.00,,Y,B,-,N,,,,,,,,,,N,4,0,1,2,A,-,05,21650,1,M,D,G,A,A,H,-,C,A,0,,Y,,,Y,Y,L,04,0,0,1,0,0,0,1,0,0,"- ","- ",34.12554931640625,-118.2548828125,"LOS ANGELES",GLENDALE,-118.25482940673828,34.125541687011719
82317606,2024,2024-03-08,1925,2024-02-02,1600,28644,216,5,5,6,1925,0,0,0,,0,002,"MILFORD STREET","KENILWORTH AVENUE",288.00,W,N,B,-,N,,,,,,,,,,N,3,0,2,3,A,-,09,21804,A,N,D,E,A,A,H,-,A,D,0,,,,,Y,,A,01,0,1,1,0,0,0,0,0,0,"- ","- ",34.152389526367188,-118.26670837402344,"LOS ANGELES",GLENDALE,-118.26767730712891,34.152374267578125
82317608,2024,2024-02-20,1925,2024-02-08,"759 ",29788,251,4,5,6,1925,0,0,0,,0,003,"COLORADO STREET","EVERETT STREET",0.00,,Y,A,-,N,,,,,,,,,,N,4,0,3,2,A,-,12,21453,A,N,D,C,A,A,H,-,A,A,0,,,,,Y,,A,01,0,0,3,0,0,0,0,0,0,"- ","- ",34.142658233642578,-118.24559020996094,"LOS ANGELES",GLENDALE,-118.24555969238281,34.142669677734375
82317609,2024,2024-02-20,1925,2024-02-08,1247,27016,128,4,5,6,1925,0,0,0,,0,005,"LA CRESCENTA AVENUE","ROSELAWN AVENUE",60.00,S,N,B,-,N,,,,,,,,,,N,4,0,1,2,A,-,03,22350,,N,C,C,A,A,H,-,A,A,0,,,,,Y,,D,22,0,0,1,0,0,0,0,0,0,"- ","- ",,,"LOS ANGELES",GLENDALE,-118.2354736328125,34.202274322509766
82317611,2024,2024-02-20,1925,2024-02-08,1827,29788,253,4,5,6,1925,0,0,0,,0,003,"LOMITA AVENUE","LOUISE STREET",303.00,E,N,A,-,N,,,,,,,,,,N,4,0,1,2,D,-,00,,,N,B,E,A,A,H,-,A,D,0,,,,,Y,,-,"- ",0,0,1,0,0,0,0,0,0,"- ","- ",,,"LOS ANGELES",GLENDALE,-118.25160217285156,34.140979766845703
82317612,2024,2024-02-20,1925,2024-02-09,1020,28644,231,5,5,6,1925,0,0,0,,0,004,"LEXINGTON DRIVE","JACKSON STREET",0.00,,Y,A,-,N,,,,,,,,,,N,3,0,1,2,A,-,12,21453,A,N,D,C,A,A,H,-,A,A,0,,,,,Y,,A,07,0,1,0,0,0,0,0,0,0,"- ","- ",34.151668548583984,-118.25012969970703,"LOS ANGELES",GLENDALE,-118.25012969970703,34.151786804199219
82317613,2024,2024-02-20,1925,2024-02-09,1249,29788,194,5,5,6,1925,0,0,0,,0,001,"SAN FERNANDO ROAD","ALAMEDA AVENUE",92.00,S,N,A,-,N,,,,,,,,,,N,4,0,1,2,A,-,08,22107,,M,B,C,A,A,H,-,A,A,0,,,,,Y,,-,99,0,0,1,0,0,0,0,0,0,"- ","- ",34.174411773681641,-118.29981994628906,"LOS ANGELES",GLENDALE,-118.29965209960938,34.17425537109375
82319875,2024,2024-02-22,1925,2024-02-10,1936,29326,,6,5,6,1925,0,0,0,,0,003,"CHEVY CHASE DRIVE","ORANGE GROVE AVENUE",0.00,,Y,A,-,N,,,,,,,,,,Y,4,0,1,2,A,-,09,21802,A,N,D,C,A,A,H,-,C,A,0,,,,,Y,,D,22,0,0,1,0,0,0,0,0,0,"- ","- ",,,"LOS ANGELES",GLENDALE,-118.23961639404297,34.143516540527344
82322163,2024,2024-02-26,1925,2024-02-12,1905,28418,169,1,5,6,1925,0,0,0,,0,001,"PACIFIC AVENUE","PALM DRIVE (N)",0.00,,Y,A,-,N,,,,,,,,,,N,3,0,1,2,A,-,10,21950,A,N,G,B,B,A,H,-,C,D,0,Y,,,,Y,,A,01,0,1,0,0,1,0,0,0,0,"- ","- ",34.161628723144531,-118.26457977294922,"LOS ANGELES",GLENDALE,-118.26464080810547,34.16180419921875
82322164,2024,2024-02-26,1925,2024-02-12,2014,22249,227,1,5,6,1925,0,0,0,,0,004,"BRAND BOULEVARD","SANCHEZ DRIVE",0.00,,Y,A,-,N,,,,,,,,,,Y,4,0,1,2,A,-,12,21453,A,N,A,C,A,A,H,-,C,A,0,,,,,Y,,A,07,0,0,1,0,0,0,0,0,0,"- ","- ",,,"LOS ANGELES",GLENDALE,-118.25514221191406,34.155937194824219
82322650,2024,2024-02-27,1925,2024-02-01,1916,22783,,4,5,6,1925,0,0,0,,0,005,"FOOTHILL BOULEVARD","NEW YORK AVENUE",0.00,,Y,B,-,N,,,,,,,,,,N,2,0,1,2,A,-,10,21950,A,N,G,B,B,A,H,-,C,A,0,Y,,,,Y,,A,07,1,0,0,0,1,0,0,0,0,"- ","- ",34.232261657714844,-118.25302124023438,"LOS ANGELES",GLENDALE,-118.25303649902344,34.232284545898438
82322652,2024,2024-02-26,1925,2024-02-08,1921,22783,192,4,5,6,1925,0,0,0,,0,001,"GLENOAKS BOULEVARD","SONORA AVENUE",0.00,,Y,B,C,N,,,,,,,,,,N,4,0,1,2,A,-,10,21950,A,N,G,B,B,B,H,-,C,A,0,Y,,,,Y,,A,01,0,0,1,0,1,0,0,0,0,"- ","- ",34.168300628662109,-118.28581237792969,"LOS ANGELES",GLENDALE,-118.28588104248047,34.168239593505859
82322653,2024,2024-02-26,1925,2024-02-13,"125 ",28134,225,2,5,6,1925,0,0,0,,0,002,"CENTRAL AVENUE",BROADWAY,0.00,,Y,A,-,N,,,,,,,,,,Y,3,0,1,2,A,-,01,23152,F,N,D,C,A,A,H,-,C,A,0,,,Y,,Y,,A,01,0,1,0,0,0,0,0,0,1,"- ","- ",34.146831512451172,-118.25788116455078,"LOS ANGELES",GLENDALE,-118.25791168212891,34.146835327148438
82323782,2024,2024-02-27,1925,2024-02-15,1030,28644,,4,5,6,1925,0,0,0,,0,002,"ARDEN AVENUE","KENILWORTH AVENUE (N)",10.00,E,N,A,-,N,,,,,,,,,,N,3,0,1,5,A,-,08,22107,,N,C,E,A,A,H,-,A,A,0,,,,,Y,,A,01,0,1,0,0,0,0,0,0,0,"- ","- ",34.158821105957031,-118.26687622070312,"LOS ANGELES",GLENDALE,,