CASE_ID,ACCIDENT_YEAR,PROC_DATE,JURIS,COLLISION_DATE,COLLISION_TIME,OFFICER_ID,REPORTING_DISTRICT,DAY_OF_WEEK,CHP_SHIFT,POPULATION,CNTY_CITY_LOC,SPECIAL_COND,BEAT_TYPE,CHP_BEAT_TYPE,CITY_DIVISION_LAPD,CHP_BEAT_CLASS,BEAT_NUMBER,PRIMARY_RD,SECONDARY_RD,DISTANCE,DIRECTION,INTERSECTION,WEATHER_1,WEATHER_2,STATE_HWY_IND,CALTRANS_COUNTY,CALTRANS_DISTRICT,STATE_ROUTE,ROUTE_SUFFIX,POSTMILE_PREFIX,POSTMILE,LOCATION_TYPE,RAMP_INTERSECTION,SIDE_OF_HWY,TOW_AWAY,COLLISION_SEVERITY,NUMBER_KILLED,NUMBER_INJURED,PARTY_COUNT,PRIMARY_COLL_FACTOR,PCF_CODE_OF_VIOL,PCF_VIOL_CATEGORY,PCF_VIOLATION,PCF_VIOL_SUBSECTION,HIT_AND_RUN,TYPE_OF_COLLISION,MVIW,PED_ACTION,ROAD_SURFACE,ROAD_COND_1,ROAD_COND_2,LIGHTING,CONTROL_DEVICE,CHP_ROAD_TYPE,PEDESTRIAN_ACCIDENT,BICYCLE_ACCIDENT,MOTORCYCLE_ACCIDENT,TRUCK_ACCIDENT,NOT_PRIVATE_PROPERTY,ALCOHOL_INVOLVED,STWD_VEHTYPE_AT_FAULT,CHP_VEHTYPE_AT_FAULT,COUNT_SEVERE_INJ,COUNT_VISIBLE_INJ,COUNT_COMPLAINT_PAIN,COUNT_PED_KILLED,COUNT_PED_INJURED,COUNT_BICYCLIST_KILLED,COUNT_BICYCLIST_INJURED,COUNT_MC_KILLED,COUNT_MC_INJURED,PRIMARY_RAMP,SECONDARY_RAMP,LATITUDE,LONGITUDE,COUNTY,CITY,POINT_X,POINT_Y
94506183,2024,2024-12-27,9575,2024-12-04,2115,024136,,3,2,6,1925,0,1,3,,2,042,"SR-134 W/B (VENTURA FREEWAY)","BRAND BLVD",255.00,W,N,A,-,Y,LA,,134," ",R,7.066,H,,L,N,3,0,2,2,A,-,01,23152,A,N,B,2,A,A,H,-,C,D,0,,,,,Y,Y,A,07,0,1,1,0,0,0,0,0,0,"- ","- ",34.156440734863281,-118.25614929199219,"LOS ANGELES",GLENDALE,-118.25614929199219,34.156417846679688
94507223,2024,2024-12-17,9575,2024-12-07,1746,023071,,6,2,6,1925,0,1,3,,2,042,"SR-134 W/B (VENTURA FREEWAY)","BRAND BLVD.",450.00,E,N,A,-,Y,LA,,134," ",R,7.220,H,,L,N,4,0,1,2,A,-,03,22350,,N,C,C,A,A,H,-,C,D,0,,,,,Y,,A,01,0,0,1,0,0,0,0,0,0,"- ","- ",34.156520843505859,-118.25344848632812,"LOS ANGELES",GLENDALE,-118.25344848632812,34.156455993652344
94509329,2024,2024-12-18,9575,2024-12-11,1728,022469,,3,2,6,1925,0,1,3,,2,042,"SR-134 W/B (VENTURA FREEWAY)","CONCORD ST",260.00,E,N,A,-,Y,LA,,134," ",R,6.248,H,,L,Y,4,0,2,4,A,-,03,22350,,N,C,2,A,A,H,-,B,D,0,,,,,Y,,-,"- ",0,0,2,0,0,0,0,0,0,"- ","- ",34.155208587646484,-118.27020263671875,"LOS ANGELES",GLENDALE,-118.27017211914062,34.155132293701172
94514988,2024,2024-12-24,9575,2024-12-18,"750 ",024163,,3,1,6,1925,0,1,3,,2,042,"SR-134 E/B (VENTURA FREEWAY)","PACIFIC AVE",898.00,W,N,A,-,Y,LA,,134," ",R,6.401,H,,R,N,4,0,1,2,A,-,03,22350,,N,C,C,A,A,H,-,A,D,0,,,,,Y,,A,01,0,0,1,0,0,0,0,0,0,"- ","- ",34.155559539794922,-118.26773071289062,"LOS ANGELES",GLENDALE,-118.26771545410156,34.155513763427734
94518590,2024,2024-12-27,9575,2024-12-19,1000,022085,,4,1,6,1925,0,1,3,,2,042,"SR-134 W/B (VENTURA FREEWAY)","PACIFIC AVE.",165.00,E,N,A,-,Y,LA,,134," ",R,6.630,H,,L,N,4,0,1,2,D,-,00,,,N,C,C,A,A,H,-,A,D,0,,,,Y,Y,,-,"- ",0,0,1,0,0,0,0,0,0,"- ","- ",34.156459808349609,-118.26370239257812,"LOS ANGELES",GLENDALE,-118.26368713378906,34.156368255615234
94518619,2024,2024-12-27,9575,2024-12-19,1545,023126,,4,2,6,1925,0,1,3,,2,042,"SR-134 W/B (VENTURA FREEWAY)","PACIFIC AVE.",374.00,E,N,A,-,Y,LA,,134," ",R,6.682,H,,L,N,4,0,1,2,A,-,07,21658,A,N,B,C,A,A,H,-,A,D,0,,,,,Y,,D,22,0,0,1,0,0,0,0,0,0,"- ","- ",34.156478881835938,-118.26283264160156,"LOS ANGELES",GLENDALE,-118.26282501220703,34.156414031982422
94518625,2024,2024-12-27,9575,2024-12-19,1720,023126,,4,2,6,1925,0,1,3,,2,042,"SR-134 W/B (VENTURA FREEWAY)","HARVEY DR.",1214.00,W,N,A,-,Y,LA,,134," ",R,8.591,H,,L,Y,4,0,2,3,A,-,03,22350,,N,C,C,A,A,H,-,C,D,0,,,,,Y,,A,01,0,0,2,0,0,0,0,0,0,"- ","- ",34.149589538574219,-118.23226928710938,"LOS ANGELES",GLENDALE,-118.2322998046875,34.149551391601562
94519803,2024,2024-12-30,9575,2024-12-23,1515,022502,,1,2,6,1925,0,1,3,,2,042,"SR-134 E/B (VENTURA FREEWAY)","CENTRAL AVENUE",200.00,E,N,A,-,Y,LA,,134," ",R,7.009,H,,R,N,4,0,3,2,A,-,03,22350,,N,C,C,A,A,H,-,A,D,0,,,,,Y,,A,01,0,0,3,0,0,0,0,0,0,"- ","- ",34.15631103515625,-118.25714874267578,"LOS ANGELES",GLENDALE,-118.25714874267578,34.156269073486328
94519894,2024,2024-12-30,9575,2024-12-23,1835,022502,,1,2,6,1925,0,1,3,,2,042,"SR-134 W/B (VENTURA FREEWAY)","HARVEY DRIVE",50.00,E,N,A,-,Y,LA,,134," ",R,8.838,H,,L,Y,4,0,2,2,A,-,03,22350,,N,C,C,A,A,H,-,C,D,0,,,,,Y,,A,07,0,0,2,0,0,0,0,0,0,"- ","- ",34.147678375244141,-118.22849273681641,"LOS ANGELES",GLENDALE,-118.22850036621094,34.147663116455078
94520159,2024,2024-12-30,9575,2024-12-23,1740,022502,,1,2,6,1925,0,1,3,,2,042,"SR-134 W/B (VENTURA FREEWAY)","VERDUGO ROAD",50.00,W,N,A,-,Y,LA,,134," ",R,8.220,H,,L,Y,4,0,6,3,A,-,03,22350,,N,C,C,A,A,H,-,C,D,0,,,,,Y,,A,07,0,0,6,0,0,0,0,0,0,"- ","- ",34.152999877929688,-118.23715972900391,"LOS ANGELES",GLENDALE,-118.23720550537109,34.1529541015625
94520512,2024,2024-12-30,9575,2024-12-12,1825,022629,,4,2,6,1925,0,1,3,,2,042,"SR-134 W/B (VENTURA FREEWAY)","HARVEY DRIVE",2112.00,W,N,A,-,Y,LA,,134," ",R,8.446,H,,L,Y,4,0,1,4,A,-,03,22350,,M,C,C,A,A,H,-,C,D,0,,,,,Y,,A,07,0,0,1,0,0,0,0,0,0,"- ","- ",34.150859832763672,-118.23423767089844,"LOS ANGELES",GLENDALE,-118.23431396484375,34.150791168212891
94521425,2024,2024-12-31,9575,2024-12-19,1010,024163,,4,1,6,1925,0,1,3,,2,042,"SR-134 W/B (VENTURA FREEWAY)","JACKSON STREET",304.00,E,N,A,-,Y,LA,,134," ",R,7.466,H,,L,N,4,0,1,3,A,-,03,22350,,N,C,C,A,A,H,-,A,D,0,,,,,Y,,A,01,0,0,1,0,0,0,0,0,0,"- ","- ",34.156528472900391,-118.24916076660156,"LOS ANGELES",GLENDALE,-118.24916076660156,34.156463623046875
94521459,2024,2024-12-31,9575,2024-12-13,"535 ",024163,,5,3,6,1925,0,1,3,,2,042,"SR-134 E/B (VENTURA FREEWAY)","BRAND BLVD",125.00,W,N,A,-,Y,LA,,134," ",R,7.092,H,,R,N,4,0,1,2,C,-,18,,,F,B,C,A,A,H,-,D,D,0,,,,,Y,,-,"- ",0,0,1,0,0,0,0,0,0,"- ","- ",34.15631103515625,-118.25567626953125,"LOS ANGELES",GLENDALE,-118.25567626953125,34.156269073486328
94521653,2024,2024-12-31,9575,2024-12-21,1143,020702,,6,1,6,1925,0,1,3,,2,090,"SR-134 W/BFROM SR-2 N/B","SR-134 W/B",75.00,N,N,A,-,Y,,,,,,,,,,N,4,0,1,1,A,-,03,22350,,N,F,I,A,A,H,-,A,D,0,,,Y,,Y,,C,02,0,0,1,0,0,0,0,0,1,"- ","- ",34.147998809814453,-118.22512054443359,"LOS ANGELES",GLENDALE,,
94526035,2024,2025-01-06,9575,2024-12-30,2245,022946,,1,3,6,1925,0,1,3,,2,090,"SR-2 W/B (GLENDALE FREEWAY)","SHERER LN",2550.00,N,N,A,-,Y,LA,,2," ",R,21.084,H,,L,Y,3,0,1,1,A,-,08,22107,,N,E,I,A,A,H,-,D,D,0,,,,,Y,Y,A,07,0,1,0,0,0,0,0,0,0,"- ","- ",34.178821563720703,-118.22059631347656,"LOS ANGELES",GLENDALE,-118.22047424316406,34.178787231445312
94526038,2024,2025-01-06,9575,2024-12-30,2246,022946,,1,3,6,1925,0,1,3,,2,090,"SR-2 W/B (GLENDALE FREEWAY)","SHERER LN",2430.00,E,N,A,-,Y,LA,,2," ",R,21.058,H,,L,Y,3,0,1,2,C,-,18,,,N,B,C,A,A,H,-,D,D,0,,,,,Y,Y,-,"- ",0,1,0,0,0,0,0,0,0,"- ","- ",34.178421020507812,-118.22055053710938,"LOS ANGELES",GLENDALE,-118.22058868408203,34.178428649902344
94526502,2024,2025-01-06,9575,2024-12-21,1620,024136,,6,2,6,1925,0,1,3,,2,042,"SR-134 E/B (VENTURA FREEWAY)","PACIFIC AVE.",1056.00,W,N,A,-,Y,LA,,134," ",R,6.372,H,,R,Y,4,0,3,2,A,-,03,22350,,N,C,C,A,A,H,-,A,D,0,,,,,Y,,A,07,0,0,3,0,0,0,0,0,0,"- ","- ",34.155368804931641,-118.26818084716797,"LOS ANGELES",GLENDALE,-118.2681884765625,34.155406951904297
94526915,2024,2025-01-06,9575,2024-12-22,1004,024163,,7,1,6,1925,0,1,3,,2,041,"SR-134 E/B (VENTURA FREEWAY)","SINCLAIR AVE",305.00,W,N,A,-,Y,LA,,134," ",R,8.515,H,,R,Y,3,0,3,2,A,-,08,22107,,N,E,8,A,A,H,-,A,D,0,,,,,Y,,A,07,0,1,2,0,0,0,0,0,0,"- ","- ",34.149959564208984,-118.23351287841797,"LOS ANGELES",GLENDALE,-118.23346710205078,34.150009155273438
94527064,2024,2025-06-03,9575,2024-12-29,1947,023029,,7,2,6,1925,0,1,3,,2,042,"SR-134 W/B TO MONTEREY ROAD","MONTEREY ROAD",66.00,S,N,A,-,Y,,,,,,,,,,N,4,0,2,2,A,-,08,22107,,N,E,8,A,A,H,-,C,A,0,,,,,Y,,A,07,0,0,2,0,0,0,0,0,0,"- ","- ",34.156810760498047,-118.24407958984375,"LOS ANGELES",GLENDALE,,
94527367,2024,2025-01-06,9575,2024-12-30,1820,024136,,1,2,6,1925,0,2,S,,2,901,"COLORADO STREET (500 BLOCK)","PACIFIC AVENUE",446.00,W,N,A,-,N,,,,,,,,,,Y,4,0,2,2,A,-,03,22350,,N,B,C,A,A,H,-,C,A,0,,,,,Y,,A,07,0,0,2,0,0,0,0,0,0,"- ","- ",34.142509460449219,-118.26600646972656,"LOS ANGELES",GLENDALE,-118.26589202880859,34.142520904541016
94527561,2025,2025-01-06,9575,2025-01-03,1805,022336,,5,2,6,1925,0,1,3,,2,042,"SR-134 W/B (VENTURA FREEWAY)","THE LOS ANGELES RIVER",320.00,E,N,A,-,Y,LA,,134," ",R,5.823,H,,L,N,4,0,2,2,A,-,03,22350,,F,C,C,A,A,H,-,D,D,0,,,,,Y,,-,99,0,0,2,0,0,0,0,0,0,"- ","- ",34.153480529785156,-118.27745056152344,"LOS ANGELES",GLENDALE,-118.27744293212891,34.153461456298828
94528944,2024,2025-01-07,9575,2024-12-30,1725,023029,,1,2,6,1925,0,1,3,,2,042,"SR-134 W/B (VENTURA FREEWAY)","PACIFIC AVENUE",902.00,E,N,A,-,Y,LA,,134," ",R,6.775,H,,L,N,4,0,1,2,A,-,03,22350,,M,C,C,A,A,H,-,D,D,0,,,,,Y,,-,99,0,0,1,0,0,0,0,0,0,"- ","- ",34.156600952148438,-118.26125335693359,"LOS ANGELES",GLENDALE,-118.26124572753906,34.156440734863281
94534663,2025,2025-01-13,9575,2025-01-06,2016,022110,,1,2,6,1925,0,1,3,,2,042,"SR-134 E/B TO HARVEY DRIVE","HARVEY DRIVE",1056.00,W,N,A,-,Y,LA,,134," ",R,8.630,H,,R,N,4,0,2,2,A,-,03,22350,,M,C,C,A,A,H,-,C,D,0,,,,,Y,,-,99,0,0,2,0,0,0,0,0,0,"- ","- ",34.148899078369141,-118.23178100585938,"LOS ANGELES",GLENDALE,-118.23171997070312,34.148983001708984
94534741,2025,2025-01-13,9575,2025-01-03,1700,022469,,5,2,6,1925,0,1,1,,2,050,"I-5 N/B (GOLDEN STATE FREEWAY)","SONORA AVE",450.00,S,N,A,-,Y,LA,,5," "," ",27.456,H,,R,Y,4,0,2,2,A,-,03,22350,,N,C,C,A,A,H,-,A,D,0,,,,,Y,,A,01,0,0,2,0,0,0,0,0,0,"- ","- ",34.160198211669922,-118.29241943359375,"LOS ANGELES",GLENDALE,-118.29250335693359,34.160167694091797
94534743,2024,2025-04-03,9575,2024-12-31,1905,023126,,2,2,6,1925,0,1,3,,2,042,"SR-134 E/B (VENTURA FREEWAY)","SAN FERNANDO RD.",1003.00,W,N,A,-,Y,LA,,134," ",R,5.741,H,,R,N,4,0,2,2,A,-,07,21658,A,N,B,C,A,A,H,-,C,D,0,,,,,Y,,A,07,0,0,2,0,0,0,0,0,0,"- ","- ",34.153049468994141,-118.27880096435547,"LOS ANGELES",GLENDALE,-118.27877044677734,34.152961730957031
94542845,2025,2025-01-20,9575,2025-01-15,"825 ",023049,,3,1,6,1925,0,1,3,,2,042,"SR-134 W/B (VENTURA FREEWAY)","CONCORD ST.",775.00,E,N,A,-,Y,LA,,134," ",R,6.350,H,,L,N,4,0,1,2,A,-,03,22350,,N,C,C,A,A,H,-,E,D,0,,,,,Y,,A,01,0,0,1,0,0,0,0,0,0,"- ","- ",34.15557861328125,-118.26856231689453,"LOS ANGELES",GLENDALE,-118.26854705810547,34.155536651611328
94542848,2024,2025-02-11,9575,2024-12-11,1040,024027,,3,1,6,1925,0,1,1,,2,062,"I-210 E/B FROM LOWELL AVENUE","HONOLULU AVE U/C",260.00,E,N,A,-,Y,LA,,210," ",R,15.844,H,,R,Y,2,0,3,3,A,-,03,22350,,N,C,2,A,A,H,-,A,A,0,,,,,Y,,A,07,1,1,1,0,0,0,0,0,0,"- ","- ",34.230121612548828,-118.26264190673828,"LOS ANGELES",GLENDALE,-118.26258850097656,34.230262756347656
94549027,2024,2025-01-24,9575,2024-08-16,2353,022477,,5,3,6,1925,0,1,3,,2,042,"STATE ROUTE 134 EASTBOUND (VENTURA FREEWAY)","PACIFIC AVENUE",575.00,W,N,A,-,Y,LA,,134," ",R,6.475,H,,R,Y,1,1,1,3,A,-,03,22350,,N,C,2,E,A,H,-,C,D,0,Y,,,,Y,,A,01,1,0,0,1,0,0,0,0,0,"- ","- ",34.155799865722656,-118.26651763916016,"LOS ANGELES",GLENDALE,-118.26651000976562,34.155769348144531
94549562,2025,2025-01-27,9575,2025-01-15,2300,024136,,3,3,6,1925,0,1,1,,2,062,"I-210 E/B TO LOWELL AVE.","LOWELL AVE.",50.00,E,N,A,-,Y,,,,,,,,,,Y,4,0,1,2,A,-,03,22350,,N,C,C,A,A,H,-,C,A,0,,,,,Y,,A,01,0,0,1,0,0,0,0,0,0,"- ","- ",34.229671478271484,-118.26599884033203,"LOS ANGELES",GLENDALE,-118.26622009277344,34.231082916259766
94549708,2025,2025-01-27,9575,2025-01-21,1455,023029,,2,2,6,1925,0,1,1,,2,050,"I-5 S/B (GOLDEN STATE FREEWAY) TO WESTERN AVENUE","WESTERN AVENUE",21.00,S,N,A,-,Y,,,,,,,,,,N,4,0,1,2,A,-,03,22350,,M,C,C,A,A,H,-,A,A,0,,,,,Y,,-,99,0,0,1,0,0,0,0,0,0,"- ","- ",34.163909912109375,-118.29704284667969,"LOS ANGELES",GLENDALE,-118.29661560058594,34.164577484130859
94554456,2025,2025-01-29,9575,2025-01-21,1750,024163,,2,2,6,1925,0,1,1,,2,050,"I-5 S/B (GOLDEN STATE FREEWAY)","THE LOS ANGELES RIVER",272.00,N,N,A,-,Y,LA,,5," "," ",27.223,H,,L,N,4,0,1,2,A,-,03,22350,,M,C,C,A,A,H,-,D,D,0,,,,,Y,,-,99,0,0,1,0,0,0,0,0,0,"- ","- ",34.157058715820312,-118.2908935546875,"LOS ANGELES",GLENDALE,-118.29090881347656,34.157051086425781
94556512,2025,2025-01-30,9575,2025-01-23,1035,019538,,4,1,6,1925,0,1,1,,2,050,"I-5 S/B (GOLDEN STATE FREEWAY)","SONORA AVE U/C",450.00,S,N,A,-,Y,LA,,5," "," ",27.444,H,,L,N,4,0,1,3,A,-,03,22350,,N,C,C,A,A,H,-,A,D,0,,,,Y,Y,,G,25,0,0,1,0,0,0,0,0,0,"- ","- ",34.159881591796875,-118.29257965087891,"LOS ANGELES",GLENDALE,-118.29257965087891,34.159877777099609
94564689,2025,2025-02-04,9575,2025-01-27,1649,024163,,1,2,6,1925,0,1,1,,2,050,"I-5 N/B (GOLDEN STATE FREEWAY)","SONORA AVENUE",358.00,S,N,A,-,Y,LA,,5," "," ",27.468,H,,R,Y,4,0,1,2,A,-,03,22350,,N,C,C,A,A,H,-,B,D,0,,,,,Y,,A,01,0,0,1,0,0,0,0,0,0,"- ","- ",34.160320281982422,-118.29261779785156,"LOS ANGELES",GLENDALE,-118.29259490966797,34.160327911376953
94565985,2025,2025-02-05,9575,2025-01-28,1836,024163,,2,2,6,1925,0,1,1,,2,050,"I-5 S/B (GOLDEN STATE FREEWAY)","ALLEN AVENUE",471.00,S,N,A,-,Y,LA,,5," "," ",28.051,H,,L,Y,4,0,1,2,A,-,03,22350,,N,C,C,A,A,H,-,D,D,0,,,,,Y,,A,08,0,0,1,0,0,0,0,0,0,"- ","- ",34.166408538818359,-118.29930114746094,"LOS ANGELES",GLENDALE,-118.29924774169922,34.166458129882812
94566638,2025,2025-02-05,9575,2025-01-30,"913 ",022839,,4,1,6,1925,0,1,3,,2,042,"SR-134 W/B (VENTURA FREEWAY)","GENEVA STREET",57.00,W,N,A,-,Y,LA,,134," ",R,7.583,H,,L,Y,4,0,1,4,A,-,03,22350,,N,C,C,A,A,H,-,A,D,0,,,,,Y,,A,01,0,0,1,0,0,0,0,0,0,"- ","- ",34.156448364257812,-118.24710083007812,"LOS ANGELES",GLENDALE,-118.24710083007812,34.156475067138672
94574117,2025,2025-02-11,9575,2025-01-31,2010,022629,,5,2,6,1925,0,1,1,,2,050,"I-5 NB TO FLOWER STREET (WESTERN AVENUE)","WESTERN AVENUE",1056.00,S,N,A,-,Y,LA,,5," "," ",27.639,H,,R,N,3,0,1,2,A,-,05,21651,A,N,B,2,A,A,H,-,C,D,0,,,,,Y,,A,07,0,1,0,0,0,0,0,0,0,"- ","- ",34.162609100341797,-118.29386901855469,"LOS ANGELES",GLENDALE,-118.29399871826172,34.16253662109375
94585513,2025,2025-02-20,9575,2025-02-07,2155,024136,,5,2,6,1925,0,1,3,,2,042,"SR-134 E/B (VENTURA FREEWAY)","HARVEY DR.",1400.00,W,N,A,-,Y,LA,,134," ",R,8.544,H,,R,Y,4,0,2,1,A,-,08,22107,,N,E,8,A,A,H,-,C,D,0,,,,,Y,,A,01,0,0,2,0,0,0,0,0,0,"- ","- ",34.149650573730469,-118.23310852050781,"LOS ANGELES",GLENDALE,-118.2330322265625,34.149738311767578
94587855,2025,2025-02-24,9575,2025-02-08,1828,024291,,6,2,6,1925,0,1,3,,2,042,"SR-134 W/B (VENTURA FREEWAY)","PACIFIC AVE",110.00,W,N,A,-,Y,LA,,134," ",R,6.562,H,,L,N,4,0,1,3,A,-,07,21658,A,M,B,C,A,A,H,-,C,D,0,,,,,Y,,-,99,0,0,1,0,0,0,0,0,0,"- ","- ",34.156269073486328,-118.26490783691406,"LOS ANGELES",GLENDALE,-118.26490020751953,34.156227111816406
94587920,2025,2025-02-24,9575,2025-02-08,1240,024267,,6,1,6,1925,0,1,3,,2,090,"SR-2 W/B (GLENDALE FREEWAY)","CHEVY CHASE DR.",780.00,E,N,A,-,Y,LA,,2," ",R,19.584,H,,L,N,4,0,2,3,A,-,03,22350,,N,C,2,A,A,H,-,A,D,0,,,,,Y,,D,22,0,0,2,0,0,0,0,0,0,"- ","- ",34.157569885253906,-118.22499084472656,"LOS ANGELES",GLENDALE,-118.22493743896484,34.157581329345703
94587974,2025,2025-02-24,9575,2025-02-09,1420,021772,,7,2,6,1925,0,1,1,,2,050,"I-5 S/B (GOLDEN STATE FREEWAY)","WESTERN AVE.",1056.00,S,N,A,-,Y,LA,,5," "," ",27.665,H,,L,Y,3,0,1,2,A,-,07,21658,A,N,B,C,A,A,H,-,A,D,0,,,,,Y,,A,07,0,1,0,0,0,0,0,0,0,"- ","- ",34.162628173828125,-118.29445648193359,"LOS ANGELES",GLENDALE,-118.29438781738281,34.162670135498047
94592583,2025,2025-02-28,9575,2025-02-21,1923,021538,,5,2,6,1925,0,1,3,,2,042,"SR-134 E/B (VENTURA FREEWAY) TO SR-2","SINCLAIR AVE.",80.00,E,N,A,-,Y,,,,,,,,,,N,4,0,1,2,A,-,03,22350,,N,C,C,A,A,H,-,C,D,0,,,,,Y,,A,01,0,0,1,0,0,0,0,0,0,"- ","- ",34.148799896240234,-118.23210144042969,"LOS ANGELES",GLENDALE,,
94593131,2025,2025-02-28,9575,2025-02-13,1213,024136,,4,1,6,1925,0,1,3,,2,042,"SR-134 E/B (VENTURA FREEWAY) TO SR-2","SINCLAIR AVE",295.00,W,N,B,C,Y,LA,,134," ",R,8.533,H,,R,Y,3,0,3,4,A,-,03,22350,,M,C,C,A,B,H,-,A,D,0,,,,,Y,,-,99,0,1,2,0,0,0,0,0,0,"- ","- ",34.149658203125,-118.23335266113281,"LOS ANGELES",GLENDALE,-118.23319244384766,34.149837493896484
94598548,2025,2025-03-11,9575,2025-02-24,"830 ",015985,,1,1,6,1925,0,1,3,,2,042,"SR-134 W/B (VENTURA FREEWAY)","GLENDALE AVE",850.00,E,N,A,-,Y,LA,,134," ",R,8.039,H,,L,N,4,0,2,5,A,-,03,22350,,N,C,C,A,A,H,-,A,D,0,,,,,Y,,A,01,0,0,2,0,0,0,0,0,0,"- ","- ",34.154701232910156,-118.23960113525391,"LOS ANGELES",GLENDALE,-118.23958587646484,34.154712677001953
94598969,2025,2025-03-13,9575,2025-02-26,1710,022085,,3,2,6,1925,0,1,1,,2,050,"COLORADO ST. FREEWAY EXTENSION TO I-5","LOS ANGELES RIVER",465.00,E,N,A,-,Y,LA,,5,S," ",25.624,H,,R,Y,3,0,2,2,A,-,03,22350,,N,C,C,A,A,H,-,A,D,0,,,,,Y,,A,01,0,1,1,0,0,0,0,0,0,"- ","- ",34.141510009765625,-118.27462768554688,"LOS ANGELES",GLENDALE,-118.27462005615234,34.141475677490234
94599050,2025,2025-03-14,9575,2025-02-27,1745,023836,,4,2,6,1925,0,1,3,,2,042,"SR-134 W/B (VENTURA FREEWAY)","LOUISE ST.",125.00,W,N,A,-,Y,LA,,134," ",R,7.241,H,,L,N,4,0,1,2,A,-,03,22350,,N,C,C,A,A,H,-,C,D,0,,,,,Y,,A,01,0,0,1,0,0,0,0,0,0,"- ","- ",34.156459808349609,-118.25308227539062,"LOS ANGELES",GLENDALE,-118.25308227539062,34.156463623046875
94599563,2025,2025-03-17,9575,2025-02-25,"740 ",024136,,2,1,6,1925,0,1,1,,2,050,"I-5 S/B (GOLDEN STATE FREEWAY)","SONORA AVE",300.00,N,N,A,-,Y,LA,,5," "," ",27.612,H,,L,N,4,0,1,2,A,-,03,22350,,N,C,C,A,A,H,-,A,D,0,,,,,Y,,A,01,0,0,1,0,0,0,0,0,0,"- ","- ",34.162071228027344,-118.2938232421875,"LOS ANGELES",GLENDALE,-118.29388427734375,34.162036895751953
94600825,2025,2025-03-18,9575,2025-02-14,2140,024142,,5,2,6,1925,0,1,3,,2,042,"SR-134 E/B (VENTURA FREEWAY) TO GLENDALE AVENUE","GLENDALE AVE.",355.00,W,N,A,-,Y,,,,,,,,,,Y,3,0,1,2,A,-,03,22350,,N,C,C,A,A,H,-,C,D,0,,,,,Y,,A,01,0,1,0,0,0,0,0,0,0,"- ","- ",34.1556396484375,-118.24378967285156,"LOS ANGELES",GLENDALE,-118.24332427978516,34.15606689453125
94600829,2025,2025-03-18,9575,2025-03-07,1237,023009,,5,1,6,1925,0,1,1,,2,050,"I-5 S/B (GOLDEN STATE FREEWAY)","SONORA AVE",402.00,N,N,A,-,Y,LA,,5," "," ",27.629,H,,L,N,4,0,1,2,A,-,03,22350,,N,C,C,A,A,H,-,A,D,0,,,,,Y,,D,22,0,0,1,0,0,0,0,0,0,"- ","- ",34.162220001220703,-118.29409027099609,"LOS ANGELES",GLENDALE,-118.29404449462891,34.162246704101562
94601501,2025,2025-03-18,9575,2025-02-24,1810,024270,,1,2,6,1925,0,1,1,,2,050,"I-5 S/B (GOLDEN STATE FREEWAY)","WESTERN AVENUE",764.00,S,N,A,-,Y,LA,,5," "," ",27.694,H,,L,Y,4,0,4,2,A,-,03,22350,,N,C,C,A,A,H,-,D,D,0,,,,,Y,,A,01,0,0,4,0,0,0,0,0,0,"- ","- ",34.162990570068359,-118.29473114013672,"LOS ANGELES",GLENDALE,-118.29470062255859,34.163009643554688
94604878,2025,2025-03-18,9575,2025-03-07,"805 ",022503,,5,1,6,1925,0,1,1,,2,050,"I-5 N/B (GOLDEN STATE FREEWAY)","WESTERN AVE",285.00,N,N,A,-,Y,LA,,5," "," ",27.913,H,,R,N,4,0,1,2,A,-,08,22107,,N,B,C,A,A,H,-,A,D,0,,,,,Y,,A,01,0,0,1,0,0,0,0,0,0,"- ","- ",34.165309906005859,-118.29734802246094,"LOS ANGELES",GLENDALE,-118.29732513427734,34.165332794189453
94605380,2025,2025-03-18,9575,2025-02-25,1240,024136,,2,1,6,1925,0,1,1,,2,050,"I-5 S/B (GOLDEN STATE FREEWAY)","WESTERN AVE",180.00,S,N,A,-,Y,LA,,5," "," ",27.805,H,,L,Y,3,0,2,3,A,-,08,22107,,N,D,C,A,A,H,-,A,D,0,,,,,Y,,D,22,0,1,1,0,0,0,0,0,0,"- ","- ",34.164180755615234,-118.2960205078125,"LOS ANGELES",GLENDALE,-118.29606628417969,34.164134979248047
94607212,2025,2025-03-18,9575,2025-03-07,1900,022502,,5,2,6,1925,0,1,3,,2,042,"SR-134 W/B (VENTURA FREEWAY)","LOUISE STREET",300.00,E,N,A,-,Y,LA,,134," ",R,7.327,H,,L,N,4,0,1,2,A,-,03,22350,,N,C,C,A,A,H,-,A,D,0,,,,,Y,,A,01,0,0,1,0,0,0,0,0,0,"- ","- ",34.156558990478516,-118.25157928466797,"LOS ANGELES",GLENDALE,-118.25157928466797,34.156459808349609